[
  {
    "id": "f1f7e510-22d5-4160-8782-a74f3a491abc",
    "data": [
      {
        "text": "menu",
        "userDefined": false
      }
    ],
    "isTemplate": false,
    "count": 6,
    "lang": "es",
    "updated": 0
  },
  {
    "id": "0cce6145-bc59-4d4a-b026-cfefff71fda2",
    "data": [
      {
        "text": "inicio",
        "userDefined": false
      }
    ],
    "isTemplate": false,
    "count": 9,
    "lang": "es",
    "updated": 0
  },
  {
    "id": "4b033050-c162-4a05-9af6-1d70e48519e4",
    "data": [
      {
        "text": "quiubo socio",
        "userDefined": false
      }
    ],
    "isTemplate": false,
    "count": 5,
    "lang": "es",
    "updated": 0
  },
  {
    "id": "75f6d4f9-7a73-4f43-8850-e52ed541cee9",
    "data": [
      {
        "text": "me dicen",
        "userDefined": false
      }
    ],
    "isTemplate": false,
    "count": 1,
    "lang": "es",
    "updated": 0
  },
  {
    "id": "05dceac7-650d-4325-9670-24b2c177d70c",
    "data": [
      {
        "text": "que mas ",
        "userDefined": false
      },
      {
        "text": "parcero",
        "userDefined": true
      }
    ],
    "isTemplate": false,
    "count": 2,
    "lang": "es",
    "updated": 0
  },
  {
    "id": "ac6254f5-051f-429f-9d90-20117ed943ba",
    "data": [
      {
        "text": "hola",
        "userDefined": false
      }
    ],
    "isTemplate": false,
    "count": 25,
    "lang": "es",
    "updated": 0
  },
  {
    "id": "c0eee1ed-4a62-4c23-8bfb-04c2b57b0fca",
    "data": [
      {
        "text": "quiubo",
        "userDefined": false
      }
    ],
    "isTemplate": false,
    "count": 24,
    "lang": "es",
    "updated": 0
  },
  {
    "id": "150fea73-2dd9-45c9-acaf-8cd64d8679d2",
    "data": [
      {
        "text": "que mas ",
        "userDefined": false
      },
      {
        "text": "parcero",
        "meta": "@sys.last-name",
        "alias": "last-name",
        "userDefined": false
      }
    ],
    "isTemplate": false,
    "count": 5,
    "lang": "es",
    "updated": 0
  },
  {
    "id": "aeee44e8-0743-4388-b29b-5ee859dbc901",
    "data": [
      {
        "text": "quiubo niño",
        "userDefined": false
      }
    ],
    "isTemplate": false,
    "count": 5,
    "lang": "es",
    "updated": 0
  },
  {
    "id": "ef502f2a-399d-4147-b60f-f1af835b32fd",
    "data": [
      {
        "text": "que mas perro",
        "userDefined": false
      }
    ],
    "isTemplate": false,
    "count": 1,
    "lang": "es",
    "updated": 0
  },
  {
    "id": "4bc16926-269a-42ab-8a85-562f26120939",
    "data": [
      {
        "text": "que mas perro",
        "meta": "@sys.location",
        "alias": "location",
        "userDefined": false
      }
    ],
    "isTemplate": false,
    "count": 3,
    "lang": "es",
    "updated": 0
  },
  {
    "id": "7b675952-6cc0-4d10-a00e-c8ddb9060159",
    "data": [
      {
        "text": "que mas",
        "userDefined": false
      }
    ],
    "isTemplate": false,
    "count": 14,
    "lang": "es",
    "updated": 0
  },
  {
    "id": "6b3d8370-908e-4ae2-91ca-306a38b48202",
    "data": [
      {
        "text": "que dice socio",
        "userDefined": false
      }
    ],
    "isTemplate": false,
    "count": 0,
    "lang": "es",
    "updated": 0
  }
]