[
  {
    "id": "9ac38e74-45f7-4139-ae4a-05c92e4b3ef9",
    "data": [
      {
        "text": "Rex",
        "userDefined": false
      }
    ],
    "isTemplate": false,
    "count": 0,
    "lang": "es",
    "updated": 0
  },
  {
    "id": "c91da879-925a-4eb7-89ce-bfdb2737b12f",
    "data": [
      {
        "text": "Duke",
        "userDefined": false
      }
    ],
    "isTemplate": false,
    "count": 0,
    "lang": "es",
    "updated": 0
  },
  {
    "id": "2da7e624-efa1-4160-96ed-04c1a7e524bf",
    "data": [
      {
        "text": "Nala",
        "userDefined": false
      }
    ],
    "isTemplate": false,
    "count": 0,
    "lang": "es",
    "updated": 0
  },
  {
    "id": "64b6ba1f-0245-4a1f-8b19-d11ba6a83996",
    "data": [
      {
        "text": "Luna",
        "userDefined": false
      }
    ],
    "isTemplate": false,
    "count": 0,
    "lang": "es",
    "updated": 0
  },
  {
    "id": "3f357099-5008-4ca3-a700-6141ad4f8c9a",
    "data": [
      {
        "text": "Bruno",
        "userDefined": false
      }
    ],
    "isTemplate": false,
    "count": 0,
    "lang": "es",
    "updated": 0
  },
  {
    "id": "f4b48b39-3f93-46f0-9723-61474696a628",
    "data": [
      {
        "text": "max",
        "userDefined": false
      }
    ],
    "isTemplate": false,
    "count": 0,
    "lang": "es",
    "updated": 0
  },
  {
    "id": "98cb5b76-df71-4168-ac1f-e6db0c744208",
    "data": [
      {
        "text": "Coco",
        "userDefined": false
      }
    ],
    "isTemplate": false,
    "count": 0,
    "lang": "es",
    "updated": 0
  },
  {
    "id": "23384ebb-ec58-44f2-9ae9-1809d0c76837",
    "data": [
      {
        "text": "Leo",
        "userDefined": false
      }
    ],
    "isTemplate": false,
    "count": 0,
    "lang": "es",
    "updated": 0
  },
  {
    "id": "5acfe044-64f8-4b59-b3f6-a952fde4f7fa",
    "data": [
      {
        "text": "tomar fotos",
        "userDefined": false
      }
    ],
    "isTemplate": false,
    "count": 0,
    "lang": "es",
    "updated": 0
  },
  {
    "id": "be2e7c47-60ab-48f4-a0e4-c65af4c833bc",
    "data": [
      {
        "text": "pasear",
        "userDefined": false
      }
    ],
    "isTemplate": false,
    "count": 0,
    "lang": "es",
    "updated": 0
  },
  {
    "id": "a7876bc2-cbed-4c52-a7f6-9bfd162ca0d9",
    "data": [
      {
        "text": "leer la biblia",
        "userDefined": false
      }
    ],
    "isTemplate": false,
    "count": 5,
    "lang": "es",
    "updated": 0
  },
  {
    "id": "87d0d477-b896-4d1b-a4a5-a697e3ad5cda",
    "data": [
      {
        "text": "aprender",
        "userDefined": false
      }
    ],
    "isTemplate": false,
    "count": 0,
    "lang": "es",
    "updated": 0
  },
  {
    "id": "7bf290ee-7bb5-474c-bd41-4ddf6b64d4e6",
    "data": [
      {
        "text": "orar",
        "userDefined": false
      }
    ],
    "isTemplate": false,
    "count": 0,
    "lang": "es",
    "updated": 0
  },
  {
    "id": "7e5d643c-b4ae-49b4-81b8-c7625c07b6d5",
    "data": [
      {
        "text": "ir a ",
        "userDefined": false
      },
      {
        "text": "la biblioteca",
        "userDefined": false
      }
    ],
    "isTemplate": false,
    "count": 0,
    "lang": "es",
    "updated": 0
  },
  {
    "id": "a249e9d5-afbd-494f-bc81-41e640f839dc",
    "data": [
      {
        "text": "estudiar",
        "userDefined": false
      }
    ],
    "isTemplate": false,
    "count": 0,
    "lang": "es",
    "updated": 0
  }
]