[
  {
    "id": "6de769fb-a7d5-41d3-9954-2e7c05c3c587",
    "data": [
      {
        "text": "cachar",
        "userDefined": false
      }
    ],
    "isTemplate": false,
    "count": 0,
    "lang": "es",
    "updated": 0
  },
  {
    "id": "d8b2402e-ed84-49fd-a724-d087b4651a91",
    "data": [
      {
        "text": "jugar ",
        "userDefined": false
      },
      {
        "text": "billar",
        "userDefined": false
      }
    ],
    "isTemplate": false,
    "count": 0,
    "lang": "es",
    "updated": 0
  },
  {
    "id": "e227c1e6-bea4-4931-8020-51bac1910096",
    "data": [
      {
        "text": "esbos",
        "userDefined": false
      }
    ],
    "isTemplate": false,
    "count": 0,
    "lang": "es",
    "updated": 0
  },
  {
    "id": "5170391c-3820-49e0-93c2-12ed4aee6bd4",
    "data": [
      {
        "text": "irse con la chuky a ",
        "userDefined": false
      },
      {
        "text": "un parque",
        "userDefined": false
      }
    ],
    "isTemplate": false,
    "count": 0,
    "lang": "es",
    "updated": 0
  },
  {
    "id": "df727b2f-26e5-4b57-b6b6-1a62e83fdf14",
    "data": [
      {
        "text": "irse a rumbear",
        "userDefined": false
      }
    ],
    "isTemplate": false,
    "count": 0,
    "lang": "es",
    "updated": 0
  },
  {
    "id": "afadc216-56f5-4735-a64d-02d59c2a552a",
    "data": [
      {
        "text": "jugar micro",
        "userDefined": false
      }
    ],
    "isTemplate": false,
    "count": 21,
    "lang": "es",
    "updated": 0
  },
  {
    "id": "79fa97d9-462b-4342-bd84-8e25c11282c8",
    "data": [
      {
        "text": "echar xbox",
        "userDefined": false
      }
    ],
    "isTemplate": false,
    "count": 0,
    "lang": "es",
    "updated": 0
  },
  {
    "id": "e5c3aa90-271b-4833-a00f-b92e480925b1",
    "data": [
      {
        "text": "capaba clase",
        "userDefined": false
      }
    ],
    "isTemplate": false,
    "count": 0,
    "lang": "es",
    "updated": 0
  },
  {
    "id": "3484b91b-fdd8-4f2d-91bd-c9227cf0e949",
    "data": [
      {
        "text": "jugar xbox",
        "userDefined": false
      }
    ],
    "isTemplate": false,
    "count": 22,
    "lang": "es",
    "updated": 0
  },
  {
    "id": "384babf1-3ebc-4e5b-af3a-e38b370f0bfe",
    "data": [
      {
        "text": "meter",
        "userDefined": false
      },
      {
        "text": " vicio",
        "userDefined": false
      }
    ],
    "isTemplate": false,
    "count": 0,
    "lang": "es",
    "updated": 0
  },
  {
    "id": "37c9422e-466c-40d9-be45-84652c297c92",
    "data": [
      {
        "text": "irme con la chuky al ",
        "userDefined": false
      },
      {
        "text": "parque",
        "meta": "@sys.location",
        "alias": "location",
        "userDefined": false
      }
    ],
    "isTemplate": false,
    "count": 5,
    "lang": "es",
    "updated": 0
  },
  {
    "id": "92542985-10be-4cca-b2d3-77075d4a7fea",
    "data": [
      {
        "text": "irme con la chuky al parque",
        "userDefined": false
      }
    ],
    "isTemplate": false,
    "count": 4,
    "lang": "es",
    "updated": 0
  },
  {
    "data": [
      {
        "text": "parchar",
        "userDefined": false
      }
    ],
    "isTemplate": false,
    "count": 0,
    "lang": "es",
    "updated": 0
  },
  {
    "data": [
      {
        "text": "durmiendo",
        "userDefined": false
      }
    ],
    "isTemplate": false,
    "count": 1,
    "lang": "es",
    "updated": 0
  },
  {
    "data": [
      {
        "text": "parchar",
        "meta": "@sys.geo-city",
        "alias": "geo-city",
        "userDefined": false
      }
    ],
    "isTemplate": false,
    "count": 0,
    "lang": "es",
    "updated": 0
  }
]