[
  {
    "id": "571c50f4-a3de-457d-8421-2d4374051592",
    "data": [
      {
        "text": "rambo",
        "meta": "@dog",
        "alias": "dog",
        "userDefined": false
      }
    ],
    "isTemplate": false,
    "count": 0,
    "lang": "es",
    "updated": 0
  },
  {
    "id": "011d8c01-db56-4176-ab9e-0119729a13d2",
    "data": [
      {
        "text": "pinky",
        "meta": "@dog",
        "alias": "dog",
        "userDefined": false
      }
    ],
    "isTemplate": false,
    "count": 0,
    "lang": "es",
    "updated": 0
  },
  {
    "id": "a5bea8fb-e9e5-4aff-b8ee-f2f0090c9daf",
    "data": [
      {
        "text": "tobias",
        "meta": "@dog",
        "alias": "dog",
        "userDefined": false
      }
    ],
    "isTemplate": false,
    "count": 0,
    "lang": "es",
    "updated": 0
  },
  {
    "id": "ee6b6edf-cdd9-4e78-bb9b-b26b6ac6d468",
    "data": [
      {
        "text": "trosky",
        "meta": "@dog",
        "alias": "dog",
        "userDefined": false
      }
    ],
    "isTemplate": false,
    "count": 5,
    "lang": "es",
    "updated": 0
  },
  {
    "id": "c756f4cf-64d2-49f9-891e-8fd8e22d1b2d",
    "data": [
      {
        "text": "killer",
        "meta": "@dog",
        "alias": "dog",
        "userDefined": true
      }
    ],
    "isTemplate": false,
    "count": 0,
    "lang": "es",
    "updated": 0
  },
  {
    "id": "94b1485f-f109-41c7-9a3b-ea2707309bb9",
    "data": [
      {
        "text": "thor",
        "meta": "@dog",
        "alias": "dog",
        "userDefined": false
      }
    ],
    "isTemplate": false,
    "count": 6,
    "lang": "es",
    "updated": 0
  },
  {
    "id": "c5ec9d41-33dc-4860-96d1-5e91559749fd",
    "data": [
      {
        "text": "zeus",
        "meta": "@dog",
        "alias": "dog",
        "userDefined": false
      }
    ],
    "isTemplate": false,
    "count": 7,
    "lang": "es",
    "updated": 0
  },
  {
    "id": "0da4839b-6b32-4712-8831-07743caccb59",
    "data": [
      {
        "text": "tyson",
        "meta": "@dog",
        "alias": "dog",
        "userDefined": false
      }
    ],
    "isTemplate": false,
    "count": 0,
    "lang": "es",
    "updated": 0
  },
  {
    "id": "52d9c9ec-3151-4e5f-9f23-03852e9637c4",
    "data": [
      {
        "text": "firulais",
        "meta": "@dog",
        "alias": "dog",
        "userDefined": true
      }
    ],
    "isTemplate": false,
    "count": 0,
    "lang": "es",
    "updated": 0
  },
  {
    "id": "40ecf4da-75c9-4152-8032-886ef0a371ae",
    "data": [
      {
        "text": "firulais",
        "userDefined": false
      }
    ],
    "isTemplate": false,
    "count": 7,
    "lang": "es",
    "updated": 0
  },
  {
    "id": "66ca08ae-1c17-4149-91cf-a9ce65036dee",
    "data": [
      {
        "text": "thor",
        "userDefined": false
      }
    ],
    "isTemplate": false,
    "count": 1,
    "lang": "es",
    "updated": 0
  }
]