[
  {
    "id": "0dd1304c-ca15-4c8f-b62b-7032385e2018",
    "data": [
      {
        "text": "fumar weed",
        "userDefined": false
      }
    ],
    "isTemplate": false,
    "count": 0,
    "lang": "es",
    "updated": 0
  },
  {
    "id": "7087a726-259b-4ba8-9810-6e5bd052049c",
    "data": [
      {
        "text": "parchar",
        "userDefined": false
      }
    ],
    "isTemplate": false,
    "count": 0,
    "lang": "es",
    "updated": 0
  },
  {
    "id": "0203db58-62d8-4bb2-abc3-c5d5ffafb0ff",
    "data": [
      {
        "text": "jartar guarapo",
        "userDefined": false
      }
    ],
    "isTemplate": false,
    "count": 0,
    "lang": "es",
    "updated": 0
  },
  {
    "id": "38e8f4ab-c0a9-47c3-8c33-da3f0c7cc93c",
    "data": [
      {
        "text": "tomar chicha",
        "userDefined": false
      }
    ],
    "isTemplate": false,
    "count": 0,
    "lang": "es",
    "updated": 0
  },
  {
    "id": "5ee245e5-81cb-4acb-b2df-8091ab89dce5",
    "data": [
      {
        "text": "vender ",
        "userDefined": false
      },
      {
        "text": "manillas",
        "userDefined": false
      }
    ],
    "isTemplate": false,
    "count": 2,
    "lang": "es",
    "updated": 0
  },
  {
    "id": "40cdc5a7-ad4f-460b-86c8-751ce2049279",
    "data": [
      {
        "text": "a jartar chicha",
        "userDefined": false
      }
    ],
    "isTemplate": false,
    "count": 7,
    "lang": "es",
    "updated": 0
  },
  {
    "id": "6a6bf2cc-b6f3-4042-b8fb-193cd1a98a28",
    "data": [
      {
        "text": "a fumar weed",
        "userDefined": false
      }
    ],
    "isTemplate": false,
    "count": 10,
    "lang": "es",
    "updated": 0
  },
  {
    "data": [
      {
        "text": "fumando weed",
        "userDefined": false
      }
    ],
    "isTemplate": false,
    "count": 0,
    "lang": "es",
    "updated": 0
  },
  {
    "data": [
      {
        "text": "vender ",
        "userDefined": false
      },
      {
        "text": "manillas",
        "meta": "@sys.currency-name",
        "alias": "currency-name",
        "userDefined": false
      }
    ],
    "isTemplate": false,
    "count": 3,
    "lang": "es",
    "updated": 0
  },
  {
    "data": [
      {
        "text": "masturbandome",
        "userDefined": false
      }
    ],
    "isTemplate": false,
    "count": 1,
    "lang": "es",
    "updated": 0
  },
  {
    "data": [
      {
        "text": "metiendo yerba",
        "userDefined": false
      }
    ],
    "isTemplate": false,
    "count": 4,
    "lang": "es",
    "updated": 0
  }
]