[
  {
    "value": "dogchaw",
    "synonyms": [
      "dogchaw"
    ]
  },
  {
    "value": "firulais",
    "synonyms": [
      "firulais"
    ]
  },
  {
    "value": "tyson",
    "synonyms": [
      "tyson"
    ]
  },
  {
    "value": "zeus",
    "synonyms": [
      "zeus"
    ]
  },
  {
    "value": "thor",
    "synonyms": [
      "thor"
    ]
  },
  {
    "value": "rambo",
    "synonyms": [
      "rambo"
    ]
  },
  {
    "value": "killer",
    "synonyms": [
      "killer"
    ]
  },
  {
    "value": "trosky",
    "synonyms": [
      "trosky"
    ]
  },
  {
    "value": "tobias",
    "synonyms": [
      "tobias"
    ]
  },
  {
    "value": "pinky",
    "synonyms": [
      "pinky"
    ]
  },
  {
    "value": "kaiser",
    "synonyms": [
      "kaiser"
    ]
  },
  {
    "value": "tony",
    "synonyms": [
      "tony"
    ]
  }
]