[
  {
    "value": "@sys.person:person",
    "synonyms": [
      "@sys.person:person"
    ]
  },
  {
    "value": "@nicknamelist:nicknamelist",
    "synonyms": [
      "@nicknamelist:nicknamelist"
    ]
  },
  {
    "value": "@sys.given-name:given-name",
    "synonyms": [
      "@sys.given-name:given-name"
    ]
  },
  {
    "value": "brayan",
    "synonyms": [
      "brayan"
    ]
  },
  {
    "value": "dayana",
    "synonyms": [
      "dayana"
    ]
  },
  {
    "value": "kevin",
    "synonyms": [
      "kevin"
    ]
  },
  {
    "value": "yeison",
    "synonyms": [
      "yeison"
    ]
  },
  {
    "value": "britany",
    "synonyms": [
      "britany"
    ]
  },
  {
    "value": "eudy",
    "synonyms": [
      "eudy"
    ]
  },
  {
    "value": "liyi",
    "synonyms": [
      "liyi"
    ]
  },
  {
    "value": "daela",
    "synonyms": [
      "daela"
    ]
  },
  {
    "value": "lizeth",
    "synonyms": [
      "lizeth"
    ]
  },
  {
    "value": "braider",
    "synonyms": [
      "braider"
    ]
  },
  {
    "value": "brandon",
    "synonyms": [
      "brandon"
    ]
  },
  {
    "value": "yeferson",
    "synonyms": [
      "yeferson"
    ]
  },
  {
    "value": "alcairo",
    "synonyms": [
      "alcairo"
    ]
  },
  {
    "value": "resurreccion",
    "synonyms": [
      "resurreccion"
    ]
  },
  {
    "value": "yarian",
    "synonyms": [
      "yarian"
    ]
  },
  {
    "value": "circuncision",
    "synonyms": [
      "circuncision"
    ]
  },
  {
    "value": "deilin",
    "synonyms": [
      "deilin"
    ]
  },
  {
    "value": "jair",
    "synonyms": [
      "jair"
    ]
  },
  {
    "value": "anastacia",
    "synonyms": [
      "anastacia"
    ]
  },
  {
    "value": "kimberly",
    "synonyms": [
      "kimberly"
    ]
  },
  {
    "value": "abraham",
    "synonyms": [
      "abraham"
    ]
  },
  {
    "value": "temistocles",
    "synonyms": [
      "temistocles"
    ]
  },
  {
    "value": "masimiliano",
    "synonyms": [
      "masimiliano"
    ]
  },
  {
    "value": "shimunkezhu",
    "synonyms": [
      "shimunkezhu"
    ]
  },
  {
    "value": "montserrath",
    "synonyms": [
      "montserrath"
    ]
  },
  {
    "value": "rafael",
    "synonyms": [
      "rafael"
    ]
  }
]